use database_sidep;

/*Ingresar datos*/

insert into Rol values(1,'Administrador');
insert into Rol values(2,'Panadero');
insert into Rol values(3,'Vendedor');
select * from Rol;

insert into UnidadMedida values(default,'Gr');
insert into UnidadMedida values(default,'Kg');
insert into UnidadMedida values(default,'Lt');
insert into UnidadMedida values(default,'Un');
select * from UnidadMedida;

insert into Usuario values (101110,'Tatiana','Mendez','****','tatiana@gmail.com',1);
insert into Usuario values (101111,'Angie Paola','Sanchez','****','angie@gmail.com',1);
insert into Usuario values (101112,'Carlos Mario','Cuesta','****','carlos@gmail.com',3);
insert into Usuario values (101113,'Maria Angela','Arias','*****','angela@gmail.com',3);
insert into Usuario values (101114,'Jose','Martinez','******','jose@gmail.com',3);
insert into Usuario values (101115,'Antonio','Jimenez','****','antonio@gmail.com',2);
insert into Usuario values (101116,'Edwin Andres','Gonzales','*****','edwin@gmail.com',2);
insert into Usuario values (101117,'Fernanda','Cabal','****','fernanda@gmail.com',2);
insert into Usuario values (101118,'Ana Lucia','Cruz','*****','lucia@gmail.com',2);
select * from Usuario;

insert into ControlPersonal (idUsuarioFk,Fecha) values(101110,'2021-02-02 19:42:52');
insert into ControlPersonal (idUsuarioFk,Fecha) values(101111,'2021-02-10 18:34:46');
insert into ControlPersonal (idUsuarioFk,Fecha) values(101112,'2021-02-11 12:54:12');
insert into ControlPersonal (idUsuarioFk,Fecha) values(101113,'2021-02-12 12:50:32');
insert into ControlPersonal (idUsuarioFk,Fecha) values(101114,'2021-02-13 09:43:22');
insert into ControlPersonal (idUsuarioFk,Fecha) values(101115,'2021-02-14 08:13:13');
insert into ControlPersonal (idUsuarioFk,Fecha) values(101116,'2021-02-15 16:44:53');
insert into ControlPersonal (idUsuarioFk,Fecha) values(101117,'2021-02-16 13:14:13');
insert into ControlPersonal (idUsuarioFk,Fecha) values(101118,'2021-02-17 19:43:42');
select * from ControlPersonal;

insert into Proveedores values(12345,'Haripan','Cra45 #51a-15',7757670);
insert into Proveedores values(54321,'Distrisal','Cll13 #97g-51',7757671);
insert into Proveedores values(23456,'Distrulacteos','Cra170 #82a-42',7757672);
insert into Proveedores values(65432,'Azudulce','Cll134 #124a-65',7757673);
insert into Proveedores values(34567,'Panpro','Cll100 #13j-98',7757674);
select * from Proveedores;

insert into Insumos (Nombre, Precio, idUnidadFk) values('Arequipe',5000,1);
insert into Insumos (Nombre, Precio, idUnidadFk)  values('Azucar',8000, 2);
insert into Insumos (Nombre, Precio, idUnidadFk)  values('Bicarbonato de sodio',2500,1);
insert into Insumos (Nombre, Precio, idUnidadFk)  values('Chocolate',6500,1);
insert into Insumos (Nombre, Precio, idUnidadFk)  values('Esencias',6000,1);
insert into Insumos (Nombre, Precio, idUnidadFk)  values('Feculas de maiz',10000,1);
insert into Insumos (Nombre, Precio, idUnidadFk)  values('Frutos secos',7500,1);
insert into Insumos (Nombre, Precio, idUnidadFk)  values('Harina de trigo',12000,2);
insert into Insumos (Nombre, Precio, idUnidadFk)  values('Huevos',500,4);
insert into Insumos (Nombre, Precio, idUnidadFk)  values('Leche',4800,3);
insert into Insumos (Nombre, Precio, idUnidadFk)  values('Levadura',5500,1);
insert into Insumos (Nombre, Precio, idUnidadFk)  values('Maicena',5000,1);
insert into Insumos (Nombre, Precio, idUnidadFk)  values('Mantequilla',3000,1);
insert into Insumos (Nombre, Precio, idUnidadFk)  values('Polvo para hornear',6000,1);
insert into Insumos (Nombre, Precio, idUnidadFk)  values('Queso',14000,1);
insert into Insumos (Nombre, Precio, idUnidadFk)  values('Sal',2000,1);
select * from Insumos;

insert into Entradas values (default,100,500000,1000,65432,101110);
insert into Entradas values (default,101,16000,2,65432,101111);
insert into Entradas values (default,102,7500,500,12345,101110);
insert into Entradas values (default,103,25000,500,65432,101111);
insert into Entradas values (default,104,12000,2000,34567,101111);
insert into Entradas values (default,106,7500,5000,34567,101111);
insert into Entradas values (default,108,50000,100,34567,101110);
insert into Entradas values (default,110,5500000,1000,12345,101110);
insert into Entradas values (default,112,30000,100,23456,101111);
insert into Entradas values (default,109,48000,10,23456,101110);
select * from Entradas;

insert into MovimientosInventario values (1,'Entrada');
insert into MovimientosInventario values (2,'Salida');
select * from MovimientosInventario; 

insert into SolicitudInsumos values (10,'2021-03-24 08:42:12',101115);
insert into SolicitudInsumos values (11,'2021-03-25 10:24:32',101115);
insert into SolicitudInsumos values (12,'2021-03-25 15:02:09',101115);
insert into SolicitudInsumos values (13,'2021-03-26 06:14:59',101117);
insert into SolicitudInsumos values (14,'2021-03-27 09:52:13',101116);
insert into SolicitudInsumos values (15,'2021-03-28 11:43:51',101118);
insert into SolicitudInsumos values (16,'2021-03-28 13:00:40',101118);
insert into SolicitudInsumos values (17,'2021-03-30 17:50:22',101117);
insert into SolicitudInsumos values (18,'2021-03-30 19:51:43',101117);
insert into SolicitudInsumos values (19,'2021-04-02 09:06:02',101116);
select * from SolicitudInsumos;

insert into DetalleSolicitud values (default,101, 2, 10);
insert into DetalleSolicitud values (default,105, 1500, 10);
insert into DetalleSolicitud values (default,110, 3500, 10);
insert into DetalleSolicitud values (default,108, 10, 10);
insert into DetalleSolicitud values (default,102, 1800, 11);
insert into DetalleSolicitud values (default,106, 2500, 11);
insert into DetalleSolicitud values (default,113, 5000, 11);
insert into DetalleSolicitud values (default,109, 5, 12);
insert into DetalleSolicitud values (default,111, 4000, 12);
insert into DetalleSolicitud values (default,115, 1300, 12);
insert into DetalleSolicitud values (default,100, 2600, 13);
insert into DetalleSolicitud values (default,107, 6, 13);
insert into DetalleSolicitud values (default,110, 3800, 13);
insert into DetalleSolicitud values (default,101, 3, 14);
insert into DetalleSolicitud values (default,105, 7000, 14);
insert into DetalleSolicitud values (default,115, 2500, 14);
insert into DetalleSolicitud values (default,103, 3200, 15);
insert into DetalleSolicitud values (default,109, 6, 15);
insert into DetalleSolicitud values (default,114, 9800, 15);
insert into DetalleSolicitud values (default,102, 3400, 16);
insert into DetalleSolicitud values (default,108, 25, 16);
insert into DetalleSolicitud values (default,109, 8, 16);
insert into DetalleSolicitud values (default,115, 2000, 17);
insert into DetalleSolicitud values (default,114, 5500, 17);
insert into DetalleSolicitud values (default,105, 4500, 18);
insert into DetalleSolicitud values (default,110, 2900, 18);
insert into DetalleSolicitud values (default,106, 1600, 19);
insert into DetalleSolicitud values (default,101, 2, 19);
insert into DetalleSolicitud values (default,107, 5900, 19);
select * from DetalleSolicitud; 

insert into Salida values (default,101, 2, 10);
insert into Salida values (default,105, 1500, 10);
insert into Salida values (default,110, 3500, 10);
insert into Salida values (default,108, 10, 10);
insert into Salida values (default,102, 1800, 11);
insert into Salida values (default,106, 2500, 11);
insert into Salida values (default,113, 5000, 11);
insert into Salida values (default,109, 5, 12);
insert into Salida values (default,111, 4000, 12);
insert into Salida values (default,115, 1300, 12);
insert into Salida values (default,100, 2600, 13);
insert into Salida values (default,107, 6, 13);
insert into Salida values (default,110, 3800, 13);
insert into Salida values (default,101, 3, 14);
insert into Salida values (default,105, 7000, 14);
insert into Salida values (default,115, 2500, 14);
insert into Salida values (default,103, 3200, 15);
insert into Salida values (default,109, 6, 15);
insert into Salida values (default,114, 9800, 15);
insert into Salida values (default,102, 3400, 16);
insert into Salida values (default,108, 25, 16);
insert into Salida values (default,109, 8, 16);
insert into Salida values (default,115, 2000, 17);
insert into Salida values (default,114, 5500, 17);
insert into Salida values (default,105, 4500, 18);
insert into Salida values (default,110, 2900, 18);
insert into Salida values (default,106, 1600, 19);
insert into Salida values (default,101, 2, 19);
insert into Salida values (default,107, 5900, 19);
select * from Salida;

insert into Inventario values (default,'2021-02-14',1,100,10000);
insert into Inventario values (default,'2021-02-15',1,101,10001);
insert into Inventario values (default,'2021-02-16',1,102,10002);
insert into Inventario values (default,'2021-02-17',1,103,10003);
insert into Inventario values (default,'2021-02-18',1,104,10004);
insert into Inventario values (default,'2021-02-19',1,106,10005);
insert into Inventario values (default,'2021-02-20',1,108,10006);
insert into Inventario values (default,'2021-02-21',1,110,10007);
insert into Inventario values (default,'2021-02-21',1,112,10008);
insert into Inventario values (default,'2021-03-24',2,101,20000);
insert into Inventario values (default,'2021-03-24',2,105, 20001);
insert into Inventario values (default,'2021-03-24',2,108,20003);
insert into Inventario values (default,'2021-03-25',2,102,20004);
insert into Inventario values (default,'2021-03-25',2,113,20006);
insert into Inventario values (default,'2021-03-25',2,111,20008);
insert into Inventario values (default,'2021-03-25',2,115,20009);
insert into Inventario values (default,'2021-03-26',2,107,20011);
insert into Inventario values (default,'2021-03-27',2,105,20014);
insert into Inventario values (default,'2021-03-28',2,103,20016);
insert into Inventario values (default,'2021-03-28',2,114,20018);
insert into Inventario values (default,'2021-03-28',2,108,20020);
insert into Inventario values (default,'2021-03-30',2,115,20022);
insert into Inventario values (default,'2021-03-30',2,105,20024);
insert into Inventario values (default,'2021-04-02',2,101,20027);
insert into Inventario values (default,'2021-04-02',2,107,20028);
select * from Inventario;

insert into Productos values (default,'Calados',500);
insert into Productos values (default,'Mogolla Campesina',600);
insert into Productos values (default,'Mogolla Integral',600);
insert into Productos values (default,'Pan Blandito',400);
insert into Productos values (default,'Pan Coco',400);
insert into Productos values (default,'Pan Costeño',500);
insert into Productos values (default,'Pan Frances',500);
insert into Productos values (default,'Pan Galleta',800);
insert into Productos values (default,'Pan Rollo',400);
insert into Productos values (default,'Pan Roscon',500);
select * from Productos;

insert into Produccion values (default,100, 60, 10);
insert into Produccion values (default,101, 80, 11);
insert into Produccion values (default,102, 80, 12);
insert into Produccion values (default,103, 110, 13);
insert into Produccion values (default,104, 75, 14);
insert into Produccion values (default,105, 100, 15);
insert into Produccion values (default,106, 150, 16);
insert into Produccion values (default,107, 85, 17);
insert into Produccion values (default,108, 200, 18);
insert into Produccion values (default,109, 170, 19);
select * from Produccion;

insert into Cliente values (521703,'Hair','Olivare','Cra54b #175-24',320321);
insert into Cliente values (521704,'Camilo','Estupiñan','Cll153b #55-12',320322);
insert into Cliente values (521705,'Leonardo','Sierra','Cra26 #23g-7',320323);
insert into Cliente values (521706,'Crsthian','Alba','Cra77 #35-95',320324);
insert into Cliente values (521707,'Laura','Saray','Cll170 #59-86',320325);
insert into Cliente values (521708,'Josefina','Vargas','Cra31 #64-62',320326);
select * from Cliente;

insert into Ventas values (default,101114, 521707, 103, 15, '2021-10-02', 6000);
insert into Ventas values (default,101112, 521703, 105, 10, '2021-10-02', 5000);
insert into Ventas values (default,101112, 521703, 106, 10, '2021-10-02', 5000);
insert into Ventas values (default,101113, 521704, 100, 5, '2021-10-24', 2500);
insert into Ventas values (default,101113, 521704, 107, 20, '2021-10-24', 16000);
insert into Ventas values (default,101114, 521706, 102, 25, '2021-10-30', 15000);
insert into Ventas values (default,101114, 521706, 109, 5, '2021-10-30', 2500);
insert into Ventas values (default,101112, 521708, 108, 12, '2021-11-24', 4800);
insert into Ventas values (default,101114, 521708, 104, 12, '2021-11-24', 4800);
insert into Ventas values (default,101113, 521705, 101, 30, '2021-11-29', 18000);
insert into Ventas values (default,101113, 521705, 103, 10, '2021-11-29', 4000);
select * from Ventas;
